{
  "train_loss": [
    1.115807330608368,
    1.1344656467437744,
    1.1345073401927948,
    1.1242135643959046,
    1.1057928681373597,
    1.06716388463974,
    1.0870337903499603,
    1.0779027074575425,
    1.0641704469919204,
    1.0266987025737762,
    1.0178853541612625,
    1.0158432483673097,
    1.0112668633461,
    0.9892434805631638,
    0.9709983855485916,
    0.9321353882551193,
    0.8919330209493637,
    0.8800749242305755,
    0.8388724565505982,
    0.8144781798124313,
    0.7859214246273041,
    0.7710879921913147,
    0.6979750722646714,
    0.659782788157463,
    0.6312727183103561,
    0.5910293713212014,
    0.5556990444660187,
    0.49072453528642657,
    0.4683311566710472,
    0.4484903335571289,
    0.42758093029260635,
    0.41459797620773314,
    0.3919366165995598,
    0.3834821850061417,
    0.3735620677471161,
    0.3492002487182617,
    0.3601493567228317,
    0.34828040450811387
  ],
  "train_acc": [
    0.3640625,
    0.353125,
    0.3265625,
    0.33125,
    0.3875,
    0.45,
    0.396875,
    0.4390625,
    0.4265625,
    0.4875,
    0.509375,
    0.5046875,
    0.528125,
    0.5390625,
    0.5515625,
    0.609375,
    0.6609375,
    0.65625,
    0.6921875,
    0.7265625,
    0.7453125,
    0.7453125,
    0.815625,
    0.8421875,
    0.828125,
    0.871875,
    0.8828125,
    0.928125,
    0.925,
    0.928125,
    0.9453125,
    0.95625,
    0.96875,
    0.9640625,
    0.9734375,
    0.9859375,
    0.975,
    0.98125
  ],
  "val_loss": [
    1.1845355033874512,
    1.1776103973388672,
    1.1680964231491089,
    1.157034158706665,
    1.1420581340789795,
    1.1227748394012451,
    1.1046371459960938,
    1.1071306467056274,
    1.0954711437225342,
    1.0829499959945679,
    1.0697509050369263,
    1.077149510383606,
    1.0704774856567383,
    1.1033153533935547,
    1.0708892345428467,
    1.0752646923065186,
    1.0835604667663574,
    1.0408670902252197,
    1.0705760717391968,
    1.0677008628845215,
    1.0601788759231567,
    1.071946144104004,
    1.0988590717315674,
    1.1467995643615723,
    1.1000206470489502,
    1.128712773323059,
    1.126291036605835,
    1.2094365358352661,
    1.2119642496109009,
    1.213364601135254,
    1.3251864910125732,
    1.3595446348190308,
    1.3273028135299683,
    1.185645341873169,
    1.3579903841018677,
    1.3569351434707642,
    1.5732418298721313,
    1.4634392261505127
  ],
  "val_acc": [
    0.16129031777381897,
    0.19354838132858276,
    0.19354838132858276,
    0.22580644488334656,
    0.25806450843811035,
    0.32258063554763794,
    0.4516128897666931,
    0.4193548262119293,
    0.4193548262119293,
    0.4193548262119293,
    0.4516128897666931,
    0.4516128897666931,
    0.4516128897666931,
    0.3870967626571655,
    0.4838709533214569,
    0.4516128897666931,
    0.5161290168762207,
    0.5161290168762207,
    0.4838709533214569,
    0.4838709533214569,
    0.5161290168762207,
    0.5161290168762207,
    0.4838709533214569,
    0.4838709533214569,
    0.5483871102333069,
    0.5161290168762207,
    0.5161290168762207,
    0.4516128897666931,
    0.4516128897666931,
    0.4516128897666931,
    0.3870967626571655,
    0.3870967626571655,
    0.4193548262119293,
    0.4838709533214569,
    0.4838709533214569,
    0.4838709533214569,
    0.4193548262119293,
    0.4516128897666931
  ],
  "lr": [
    1e-05,
    2e-05,
    3e-05,
    4e-05,
    5e-05,
    6e-05,
    7.000000000000001e-05,
    8e-05,
    8.999999999999999e-05,
    0.0001,
    0.00011,
    0.00012,
    0.00013000000000000002,
    0.00014000000000000001,
    0.00015,
    0.00016,
    0.00017,
    0.00017999999999999998,
    0.00019,
    0.0002,
    0.00021,
    0.00022,
    0.00023,
    0.00024,
    0.00025,
    0.00026000000000000003,
    0.00027,
    0.00028000000000000003,
    0.00029,
    0.0003,
    0.00031,
    0.00032,
    0.00033,
    0.00034,
    0.00035,
    0.00035999999999999997,
    0.00037,
    0.00038
  ]
}